capteur,moyenne,sigma_estime,UCL,LCL,nb_points_hors_controle,pct_hors_controle,cumsum,cumsum_pct
Sensor_587,0.02145781748564135,0.0043785042073132075,0.03459333010758098,0.008322304863701727,356,22.718570516911296,356,2.0122089079810084
Sensor_406,0.024205934907466496,0.00460030524532848,0.03800685064345194,0.010405019171481057,336,21.442246330567965,692,3.911372371693421
Sensor_407,6.726477026164646,1.1231101623144302,10.095807513107935,3.357146539221355,329,20.995532865347798,1021,5.770969929911825
Sensor_130,-0.5518601148691767,0.45696663587040204,0.8190397927420293,-1.9227600224803827,329,20.995532865347798,1350,7.630567488130229
Sensor_268,0.0705869814932993,0.01310143293207612,0.10989128028952766,0.031282682697070935,320,20.4211869814933,1670,9.439294596427764
Sensor_588,0.016473835354179962,0.003149597384129054,0.025922627506567125,0.007025043201792799,307,19.591576260370132,1977,11.174542165950713
Sensor_541,1.9420248883216336,0.3256792161444888,2.9190625367551,0.9649872398881671,307,19.591576260370132,2284,12.909789735473659
Sensor_540,3.034339885130823,0.5453489714953399,4.670386799616843,1.3982929706448033,301,19.208679004467136,2585,14.611123671716031
Sensor_269,19.49687747287811,3.263190311857468,29.286448408450518,9.707306537305707,297,18.953414167198467,2882,16.28984851910468
Sensor_589,0.005282897255903,0.0010310521453221382,0.008376053691869414,0.0021897408199365856,268,17.102744097000638,3150,17.804657472303866
Sensor_590,99.65234486279516,27.264601562004657,181.44614954880913,17.85854017678119,265,16.91129546904914,3415,19.302509608862763
Sensor_133,2.318513273771538,0.024473689573652882,2.3919343424924966,2.2450922050505797,260,16.592214422463307,3675,20.772100384354513
Sensor_128,0.6485087428206764,0.06119619711420885,0.8320973341633029,0.4649201514780498,240,15.315890236119975,3915,22.12864571557766
Sensor_041,68.06396617740907,16.09893866108711,116.3607821606704,19.76715019414774,229,14.613911933631144,4144,23.423016052453086
Sensor_125,15.794620293554562,0.05634470983578345,15.963654423061913,15.625586164047212,226,14.422463305679642,4370,24.700429572688222
Sensor_122,15.79638800255265,0.04862299937501696,15.942257000677701,15.650519004427599,224,14.29483088704531,4594,25.966538548496498
Sensor_123,3.898266751754946,0.3972808709908246,5.09010936472742,2.706424138782472,211,13.465220165922146,4805,27.159167985530182
Sensor_117,0.9871299298021697,0.005052795213898175,1.0022883154438642,0.9719715441604753,187,11.933631142310148,4992,28.216142889441553
Sensor_131,0.7450555520102107,0.04056199220129888,0.8667415286141074,0.623369575406314,182,11.614550095724315,5174,29.244856432285776
Sensor_543,0.11120638162093172,0.0014981476952619043,0.11570082470671743,0.106711938535146,162,10.338225909380983,5336,30.160524530861405
Sensor_126,1.1847204850031907,0.14933267211941706,1.6327185013614418,0.7367224686449395,148,9.444798978940652,5484,30.997060818449018
Sensor_124,15.82966177409062,0.05489547385487716,15.994348195655252,15.664975352525989,147,9.380982769623484,5631,31.827944833823196
Sensor_545,0.0025093171665603064,0.00019072171951849134,0.0030814823251157806,0.0019371520080048324,142,9.061901723037652,5773,32.63056748813023
Sensor_081,-0.01838021697511168,0.028343942193599814,0.06665160960568776,-0.10341204355591112,139,8.870453095086152,5912,33.416233325796966
Sensor_079,-0.013625079770261644,0.027116790304611293,0.06772529114357223,-0.09497545068409552,132,8.423739629865985,6044,34.1623332579697
Sensor_134,1004.0431287172943,3.8024260549985027,1015.4504068822898,992.6358505522987,131,8.359923420548819,6175,34.90278091792901
Sensor_546,7.6107708359923425,0.7890287175167342,9.977856988542545,5.24368468344214,130,8.296107211231654,6305,35.637576305674884
Sensor_544,0.008470006381620931,0.000897054427868808,0.011161169665227354,0.005778843098014508,130,8.296107211231654,6435,36.37237169342076
Sensor_060,2.9512491703892785,5.385515169424746,19.107794678663517,-13.20529633788496,129,8.232291001914486,6564,37.1015148089532
Sensor_129,3.192198468410976,0.11278622410622904,3.5305571407296634,2.8538397960922888,124,7.913209955328654,6688,37.8023965634185
Sensor_313,0.16002622846202935,0.08770125132469225,0.4231299824361061,-0.10307752551204741,107,6.828334396936822,6795,38.407189690255485
Sensor_007,101.11647562220804,4.668536294303597,115.12208450511883,87.11086673929725,88,5.615826419910657,6883,38.904589645037305
Sensor_080,0.0034145500957243136,0.015943350724165105,0.05124460226821963,-0.044415502076771,86,5.488194001276324,6969,39.39068505539227
Sensor_577,5.563746522016592,6.659995595681278,25.54373330906043,-14.416240265027243,84,5.360561582641991,7053,39.86547592132037
Sensor_127,2.7506381620931717,0.13839297845167253,3.165817097448189,2.335459226738154,83,5.296745373324825,7136,40.33461451503504
Sensor_575,9.16231499680919,10.661749850547542,41.14756454845181,-22.822934554833434,83,5.296745373324825,7219,40.80375310874972
Sensor_559,0.9949947032546267,0.05398726710324901,1.1569565045643737,0.8330329019448797,81,5.169112954690491,7300,41.261587158037536
Sensor_573,28.45016502871729,33.73049215148139,129.64164148316146,-72.74131142572688,81,5.169112954690491,7381,41.71942120732535
Sensor_039,86.8365664326739,0.3253815566605982,87.8127111026557,85.86042176269211,78,4.977664326738992,7459,42.16029843997287
Sensor_038,66.22128028079133,0.23980202077842072,66.9406863431266,65.50187421845607,77,4.913848117421825,7536,42.59552340040697
Sensor_412,2.6154789406509256,0.44122266831517265,3.9391469455964434,1.2918109357054077,76,4.850031908104659,7612,43.02509608862763
Sensor_275,136.06289514996809,59.73535722534715,315.26896682600955,-43.143176526073375,75,4.786215698787492,7687,43.44901650463486
Sensor_139,57.58781021059349,9.828870365841508,87.07442130811802,28.101199113068965,74,4.722399489470326,7761,43.867284648428665
Sensor_274,20.175882514358648,2.997220467288027,29.167543916222726,11.184221112494567,74,4.722399489470326,7835,44.28555279222247
Sensor_449,0.33221837906828333,0.18130938470874886,0.87614653319453,-0.2117097750579633,72,4.594767070835992,7907,44.69251639158942
Sensor_484,205.6720959795788,154.75011927891453,669.9224538163223,-258.57826185716476,72,4.594767070835992,7979,45.09947999095637
Sensor_578,16.642362858966177,7.725646268670237,39.81930166497689,-6.534575947044534,71,4.530950861518826,8050,45.500791318109876
Sensor_072,104.32242948308868,25.685591424146086,181.37920375552693,27.265655210650422,71,4.530950861518826,8121,45.9021026452634
Sensor_576,0.10472916400765793,0.04621166317944259,0.24336415354598573,-0.033905825530669856,70,4.467134652201659,8191,46.29776170020348
Sensor_140,416.0771848755584,186.9302870506236,976.8680460274292,-144.7136762763124,70,4.467134652201659,8261,46.69342075514356
Sensor_574,0.3456364390555201,0.16177441962627828,0.830959697934355,-0.13968681982331477,66,4.211869814932992,8327,47.06647072122993
Sensor_178,0.3946987874920229,0.2163794235663886,1.0438370581911887,-0.2544394832071428,64,4.0842373962986604,8391,47.42821614288944
Sensor_163,4793.308870453095,5108.98197965635,20120.254809422142,-10533.637068515955,64,4.0842373962986604,8455,47.789961564548946
Sensor_433,99.31479495851947,93.58704677409128,380.0759352807933,-181.44634536375435,63,4.020421186981493,8518,48.14605471399502
Sensor_472,9.630209189534142,5.2773985421591805,25.462404816011684,-6.2019864369434,63,4.020421186981493,8581,48.5021478634411
Sensor_161,555.1965539246969,357.5848255935075,1627.9510307052194,-517.5579228558256,62,3.956604977664327,8643,48.85258874067375
Sensor_107,0.0005382259093809828,0.002488326857060044,0.008003206480561116,-0.00692675466179915,61,3.89278876834716,8704,49.19737734569296
Sensor_296,252.92614620293554,166.2853612447126,751.7822299370733,-245.92993753120223,61,3.89278876834716,8765,49.54216595071219
Sensor_363,0.0181914486279515,0.012133558417796618,0.05459212388134135,-0.018209226625438352,61,3.89278876834716,8826,49.88695455573141
Sensor_298,2340.8834834716013,2528.6545576207172,9926.847156333753,-5245.08018939055,60,3.8289725590299937,8886,50.226090888537186
Sensor_572,2.1018363114231016,0.2100745677200801,2.732060014583342,1.4716126082628613,60,3.8289725590299937,8946,50.56522722134298
Sensor_561,0.0724349712827058,0.04121553535682907,0.19608157735319304,-0.051211634787781415,59,3.765156349712827,9005,50.89871128193534
Sensor_497,29.611163433312058,17.99645825973932,83.60053821253001,-24.378211345905903,59,3.765156349712827,9064,51.232195342527696
Sensor_225,0.05873350350989151,0.040154083222376215,0.17919575317702016,-0.06172874615723714,59,3.765156349712827,9123,51.56567940312006
Sensor_413,30.86883911933631,13.788335801563367,72.23384652402642,-10.496168285353793,59,3.765156349712827,9182,51.89916346371242
Sensor_094,-0.0005400765794511806,0.002544201697417643,0.007092528512801748,-0.00817268167170411,59,3.765156349712827,9241,52.23264752430477
Sensor_252,0.004284811742182515,0.005862838872132099,0.02187332835857881,-0.013303704874213782,58,3.7013401403956605,9299,52.5604793126837
Sensor_297,1878.364532035737,1664.328795809444,6871.350919464069,-3114.6218553925946,58,3.7013401403956605,9357,52.88831110106263
Sensor_135,39.3894800893427,1.9164069930164944,45.13870106839218,33.640259110293215,58,3.7013401403956605,9415,53.21614288944156
Sensor_486,199.76150510529675,181.30406629575285,743.6737039925554,-344.1506937819618,58,3.7013401403956605,9473,53.543974677820486
Sensor_280,0.04105194639438418,0.016278939430993726,0.08988876468736536,-0.007784871898597001,57,3.6375239310784937,9530,53.866154193985984
Sensor_162,4064.996171027441,3572.17591460377,14781.523914838752,-6651.531572783869,57,3.6375239310784937,9587,54.18833371015148
Sensor_418,8.189890427568601,3.192215904459118,17.766538140945954,-1.386757285808752,57,3.6375239310784937,9644,54.51051322631698
Sensor_511,55.75230561582642,23.879877358405118,127.39193769104179,-15.887326459388937,57,3.6375239310784937,9701,54.83269274248248
Sensor_145,0.119992150606254,0.04812963642292329,0.26438105987502386,-0.02439675866251588,57,3.6375239310784937,9758,55.15487225864798
Sensor_104,-0.009789470325462667,0.00201240002536163,-0.0037522702493777774,-0.015826670401547557,56,3.5737077217613273,9814,55.47139950260005
Sensor_571,530.5236234205488,6.195384523065498,549.1097769897453,511.9374698513523,55,3.509891512444161,9869,55.78227447433869
Sensor_434,205.44986764518188,195.63772983976884,792.3630571644885,-381.4633218741247,55,3.509891512444161,9924,56.09314944607733
Sensor_432,22.350675941289087,15.828771919694212,69.83699170037173,-25.13563981779355,55,3.509891512444161,9979,56.404024417815954
Sensor_485,214.11707645181878,179.40654380995085,752.3367078816714,-324.1025549780338,55,3.509891512444161,10034,56.714899389554596
Sensor_096,5.979578813018507e-05,7.240518826481165e-05,0.00027701135292462,-0.00015741977666424987,54,3.446075303126994,10088,57.020122089079806
Sensor_160,882.3490746649649,632.8587085495866,2780.925200313725,-1016.227050983795,54,3.446075303126994,10142,57.325344788605015
Sensor_524,0.4538964262922782,0.6286292039165603,2.3397840380419592,-1.4319911854574028,54,3.446075303126994,10196,57.630567488130225
Sensor_477,20.116232418634333,10.459096673097653,51.49352243792729,-11.261057600658624,53,3.382259093809828,10249,57.930137915442
Sensor_550,0.6313568602425016,0.4348487473166491,1.9359031021924489,-0.6731893817074456,53,3.382259093809828,10302,58.22970834275378
Sensor_295,401.6575800255265,291.27915953370837,1275.4950586266516,-472.1798985755986,53,3.382259093809828,10355,58.52927877006556
Sensor_147,0.05500363752393108,0.01557849424381584,0.1017391202553786,0.008268154792483558,53,3.382259093809828,10408,58.828849197377345
Sensor_028,6.639427058072751,0.782940058241171,8.988247232796263,4.290606883349238,52,3.318442884492661,10460,59.12276735247569
Sensor_093,0.0005067645181876197,0.0026686321929657716,0.008512661097084933,-0.007499132060709695,51,3.2546266751754946,10511,59.41103323536061
Sensor_553,0.2636153158902361,0.1806747778592973,0.805639649468128,-0.2784090176876558,51,3.2546266751754946,10562,59.69929911824553
Sensor_106,-0.0004967453733248245,0.0026073227176797733,0.0073252227797144945,-0.008318713526364143,51,3.2546266751754946,10613,59.98756500113045
Sensor_492,2.4412037651563496,0.9717962260989287,5.356592443453136,-0.4741849131404363,50,3.190810465858328,10663,60.27017861180194
Sensor_024,-3806.3181768985323,1241.0864434163927,-83.05884664935411,-7529.577507147711,50,3.190810465858328,10713,60.55279222247344
Sensor_282,0.01509253350350989,0.0038656671467260854,0.026689534943688146,0.003495532063331634,50,3.190810465858328,10763,60.83540583314493
Sensor_211,0.08872539885130826,0.028545703015316618,0.1743625078972581,0.003088289805358399,50,3.190810465858328,10813,61.118019443816415
Sensor_220,0.003252074026802808,0.001302727280961568,0.007160255869687512,-0.000656107816081896,50,3.190810465858328,10863,61.400633054487905
Sensor_307,0.048620676451818765,0.02053306975353931,0.11021988571243668,-0.01297853280879916,50,3.190810465858328,10913,61.683246665159395
Sensor_390,0.0013383535417996171,0.0018049781255944132,0.006753287918582857,-0.004076580834983623,50,3.190810465858328,10963,61.965860275830885
Sensor_358,0.000998085513720485,0.0003743670914739636,0.0021211867881423757,-0.00012501576070140575,50,3.190810465858328,11013,62.248473886502374
Sensor_568,0.05809396936821953,0.024191682970571456,0.1306690182799339,-0.014481079543494847,49,3.1269942565411615,11062,62.52543522496043
Sensor_570,20.398270421186982,7.5300528235192905,42.98842889174485,-2.1918880493708883,49,3.1269942565411615,11111,62.8023965634185
Sensor_469,223.84322552648374,194.18999829035442,806.413220397547,-358.72676934457957,49,3.1269942565411615,11160,63.079357901876556
Sensor_213,0.051281493299298014,0.02463316214233309,0.12518097972629727,-0.022617993127701255,48,3.063178047223995,11208,63.35066696812118
Sensor_172,0.12005928525845565,0.051210564930300816,0.2736909800493581,-0.03357240953244679,48,3.063178047223995,11256,63.621976034365815
Sensor_215,0.08314792597319719,0.033701869514415374,0.18425353451644333,-0.01795768257004894,47,2.9993618379068283,11303,63.88763282839701
Sensor_083,0.006078557753669433,0.028354981295798123,0.0911435016410638,-0.07898638613372494,47,2.9993618379068283,11350,64.15328962242822
Sensor_023,2699.3332801531587,208.85953053811946,3325.9118717675174,2072.7546885388,47,2.9993618379068283,11397,64.41894641645942
Sensor_409,5.339596585832802,1.6520215709718034,10.295661298748211,0.3835318729173922,46,2.935545628589662,11443,64.6789509382772
Sensor_424,77.64559907466496,25.74165973184606,154.87057827020314,0.42061987912677523,46,2.935545628589662,11489,64.93895546009496
Sensor_474,39.4037068602425,17.89704203010788,93.09483295056614,-14.287419230081134,46,2.935545628589662,11535,65.19895998191274
Sensor_025,-298.31753841735804,2522.329555922394,7268.671129349824,-7865.30620618454,46,2.935545628589662,11581,65.4589645037305
Sensor_136,117.9323548181238,36.862109725279204,228.51868399396142,7.346025642286179,46,2.935545628589662,11627,65.71896902554826
Sensor_349,0.024673452456924063,0.00767500656685054,0.047698472157475684,0.0016484327563724421,46,2.935545628589662,11673,65.97897354736604
Sensor_146,0.06361499680918953,0.01884312473392933,0.12014437101097752,0.0070856226074015385,45,2.871729419272495,11718,66.23332579697038
Sensor_200,11.520714741544351,6.713851752216878,31.662269998194986,-8.620840515106282,45,2.871729419272495,11763,66.48767804657473
Sensor_443,1.3452071793235483,0.563663521371702,3.0361977434386542,-0.3457833847915577,45,2.871729419272495,11808,66.74203029617907
Sensor_059,4.593259157626037,0.055453656150648095,4.759620126077982,4.426898189174093,44,2.8079132099553283,11852,66.99073027356998
Sensor_040,118.67937555839183,1.0612999646748729,121.86327545241645,115.4954756643672,43,2.744097000638162,11895,67.23377797874745
Sensor_228,0.019121697511167837,0.007942832169415688,0.042950194019414904,-0.00470679899707923,43,2.744097000638162,11938,67.47682568392493
Sensor_429,4.209983918315252,3.237069814678949,13.9211933623521,-5.501225525721595,42,2.6802807913209956,11980,67.71422111688898
Sensor_004,1395.383474090619,329.1657569880348,2382.8807450547233,407.8862031265147,42,2.6802807913209956,12022,67.95161654985304
Sensor_351,0.02313465220165922,0.011078559912321225,0.0563703319386229,-0.010101027535304456,42,2.6802807913209956,12064,68.18901198281709
Sensor_065,20.53978273771538,4.130408424137026,32.93100801012646,8.148557465304304,42,2.6802807913209956,12106,68.42640741578114
Sensor_156,0.5059770261646458,0.3686222294684022,1.611843714569852,-0.5998896622405606,42,2.6802807913209956,12148,68.66380284874519
Sensor_566,0.1410694639438417,0.06090388734907567,0.3237811259910687,-0.04164219810338529,42,2.6802807913209956,12190,68.90119828170924
Sensor_366,0.005197766432673899,0.0019418629928534554,0.011023355411234264,-0.0006278225458864672,41,2.6164645820038293,12231,69.13294144245987
Sensor_353,0.023334971282705806,0.008581854659746566,0.0490805352619455,-0.0024105926965338927,41,2.6164645820038293,12272,69.36468460321049
Sensor_431,18.41226247606892,15.486194555401575,64.87084614227365,-28.046321190135803,41,2.6164645820038293,12313,69.59642776396112
Sensor_488,237.50745386088062,217.53265145648214,890.1054082303269,-415.09050050856575,40,2.5526483726866624,12353,69.8225186524983
Sensor_076,-0.006893809827696236,0.016739298298053495,0.04332408506646424,-0.05711170472185672,40,2.5526483726866624,12393,70.0486095410355
Sensor_369,0.003170197830248883,0.0013995317156236698,0.007368792977119893,-0.0010283973166221264,40,2.5526483726866624,12433,70.27470042957269
Sensor_368,0.0037710912571793237,0.0018358876117496809,0.009278754092428367,-0.001736571578069719,40,2.5526483726866624,12473,70.50079131810988
Sensor_556,57.19819151244416,26.57198570238128,136.914148619588,-22.517765594699675,40,2.5526483726866624,12513,70.72688220664706
Sensor_027,1.9385380982769624,0.08424674827676785,2.1912783431072658,1.685797853446659,39,2.488832163369496,12552,70.94732082297084
Sensor_542,9.61085041480536,2.211211934911189,16.244486219538928,2.977214610071794,39,2.488832163369496,12591,71.1677594392946
Sensor_026,1.2039457562220806,0.11690460177712562,1.5546595615534575,0.8532319508907037,39,2.488832163369496,12630,71.38819805561836
Sensor_270,3.7774860242501593,0.8841514157223989,6.429940271417356,1.1250317770829628,39,2.488832163369496,12669,71.60863667194212
Sensor_066,27.127927536694326,5.4202093693106175,43.38855564462618,10.867299428762475,39,2.488832163369496,12708,71.82907528826588
Sensor_082,-0.021129546904913848,0.015177972971748957,0.024404372010333023,-0.06666346582016072,39,2.488832163369496,12747,72.04951390458965
Sensor_037,49.41748934269304,0.4730385496770919,50.836604991724315,47.99837369366176,38,2.4250159540523293,12785,72.26430024869998
Sensor_035,50.58251971920868,0.473039229006458,52.001637406228056,49.16340203218931,38,2.4250159540523293,12823,72.4790865928103
Sensor_567,2.530656126356094,0.805505426709419,4.947172406484351,0.1141398462278369,38,2.4250159540523293,12861,72.69387293692064
Sensor_036,64.55553816209317,0.8281272927366107,67.039920040303,62.07115628388334,38,2.4250159540523293,12899,72.90865928103098
Sensor_003,2200.5519580089344,23.530240856226744,2271.1426805776146,2129.9612354402543,37,2.361199744735163,12936,73.11779335292788
Sensor_475,37.6155315571155,17.798654701412097,91.0114956613518,-15.780432547120789,37,2.361199744735163,12973,73.32692742482479
Sensor_455,7.8834487555839186,2.4341480190755687,15.185892812810625,0.5810046983572121,37,2.361199744735163,13010,73.53606149672169
Sensor_151,6.812615188257817,2.858299819751275,15.387514647511642,-1.7622842709960072,37,2.361199744735163,13047,73.74519556861858
Sensor_281,0.018032099553286534,0.004680126445839334,0.032072478890804536,0.003991720215768532,36,2.297383535417996,13083,73.94867736830206
Sensor_029,69.49909336311424,2.533162821662455,77.0985818281016,61.899604898126874,36,2.297383535417996,13119,74.15215916798553
Sensor_144,0.004167900446713465,0.0010188808275137455,0.007224542929254701,0.001111257964172229,36,2.297383535417996,13155,74.355640967669
Sensor_436,9.364514231014676,8.528314164923056,34.94945672578385,-16.220428263754492,36,2.297383535417996,13191,74.55912276735248
Sensor_077,-0.029382961072112315,0.02523963343387408,0.04633593922950992,-0.10510186137373455,36,2.297383535417996,13227,74.76260456703595
Sensor_271,29.25873726866624,6.098553198282655,47.55439686351421,10.963077673818276,36,2.297383535417996,13263,74.96608636671942
Sensor_565,6.22111678366305,2.08137460032789,12.46524058464672,-0.023007017320619383,35,2.2335673261008293,13298,75.16391589418946
Sensor_102,-7.211231652839822e-06,0.00018341892883345562,0.000543045554847527,-0.0005574680181532067,35,2.2335673261008293,13333,75.3617454216595
Sensor_212,0.05670051052967454,0.019279084354591816,0.11453776359345,-0.0011367425341009055,35,2.2335673261008293,13368,75.55957494912955
Sensor_064,13.986603988513084,4.692269628089816,28.063412872782532,-0.09020489575636503,35,2.2335673261008293,13403,75.75740447659959
Sensor_367,0.004813337587747288,0.001733139045134643,0.010012754723151218,-0.00038607954765664063,35,2.2335673261008293,13438,75.95523400406964
Sensor_356,0.0344643267389917,0.016302263072561437,0.08337111595667601,-0.01444246247869261,35,2.2335673261008293,13473,76.15306353153967
Sensor_095,-2.903637523931079e-05,0.00014922601740894725,0.00041864167698753095,-0.0004767144274661525,34,2.169751116783663,13507,76.34524078679628
Sensor_336,3.423427632418634,1.9811557996612412,9.366895031402358,-2.5200397665650893,34,2.169751116783663,13541,76.5374180420529
Sensor_461,29.195480248883218,11.283824262021867,63.046953034948814,-4.655992537182382,34,2.169751116783663,13575,76.72959529730952
Sensor_166,0.2519387364390555,0.16270900700162136,0.7400657574439196,-0.23618828456580854,33,2.105934907466496,13608,76.9161202803527
Sensor_164,0.14017868538608808,0.06843620644366549,0.34548730471708455,-0.0651299339449084,33,2.105934907466496,13641,77.10264526339589
Sensor_097,0.017076005105296745,0.18988682372761612,0.5867364762881451,-0.5525844660775516,33,2.105934907466496,13674,77.28917024643907
Sensor_291,0.12317089980855138,0.07798287863554433,0.3571195357151844,-0.11077773609808163,33,2.105934907466496,13707,77.47569522948226
Sensor_286,2.1193269623484365,0.8548525345778648,4.683884566082031,-0.4452306413851579,33,2.105934907466496,13740,77.66222021252544
Sensor_435,14.728155775366941,10.32408471690081,45.70040992606937,-16.24409837533549,33,2.105934907466496,13773,77.84874519556861
Sensor_408,1.2320366305041481,0.27406643161870603,2.054235925360266,0.40983733564803004,33,2.105934907466496,13806,78.03527017861181
Sensor_165,0.12789278876834717,0.08257022001213735,0.3756034488047592,-0.11981787126806487,33,2.105934907466496,13839,78.22179516165498
Sensor_300,0.06024097000638162,0.041473057797342464,0.18466014339840903,-0.06417820338564577,32,2.0421186981493302,13871,78.40266787248474
Sensor_301,0.11834077855775367,0.07995117886289324,0.3581943151464334,-0.12151275803092605,32,2.0421186981493302,13903,78.58354058331449
Sensor_350,0.02523305679642629,0.008228376946278634,0.04991818763526219,0.0005479259575903866,32,2.0421186981493302,13935,78.76441329414425
Sensor_416,6.626559604339502,2.091414578861082,12.90080334092275,0.3523158677562561,32,2.0421186981493302,13967,78.94528600497401
Sensor_299,0.06379042756860243,0.03246684872693677,0.1611909737494127,-0.033610118612207876,32,2.0421186981493302,13999,79.12615871580375
Sensor_229,0.01784141671984684,0.007369931070713659,0.039951209931987815,-0.004268376492294133,32,2.0421186981493302,14031,79.30703142663351
Sensor_437,7.5072051052967455,7.987385476391039,31.46936153446986,-16.454951323876372,32,2.0421186981493302,14063,79.48790413746326
Sensor_045,10.031167358008934,0.15106218807459948,10.484353922232733,9.577980793785136,31,1.9783024888321634,14094,79.66312457607958
Sensor_468,6.250540970006381,2.898275126128819,14.945366348392838,-2.444284408380075,31,1.9783024888321634,14125,79.8383450146959
Sensor_414,25.56482354818124,16.10904487423349,73.89195817088171,-22.76231107451923,31,1.9783024888321634,14156,80.01356545331222
Sensor_101,-2.1186981493299304e-05,0.0003043395559903264,0.00089183168647768,-0.0009342056494642785,31,1.9783024888321634,14187,80.18878589192856
Sensor_223,0.0088211869814933,0.011908643786853619,0.04454711834205415,-0.026904744379067556,31,1.9783024888321634,14218,80.36400633054488
Sensor_569,2.3735453733248244,0.7905032019057453,4.74505497904206,0.00203576760758839,31,1.9783024888321634,14249,80.5392267691612
Sensor_196,0.2870127632418634,0.13229090242112987,0.6838854705052531,-0.10985994402152621,31,1.9783024888321634,14280,80.71444720777752
Sensor_317,5.976884173580089,0.842931294892349,8.505678058257136,3.448090288903042,31,1.9783024888321634,14311,80.88966764639385
Sensor_584,0.015316783663050412,0.005413519107270635,0.03155734098486232,-0.0009237736587614943,30,1.9144862795149968,14341,81.05923581279674
Sensor_103,0.0011103382259093813,0.054653123103538856,0.16506970753652594,-0.16284903108470716,30,1.9144862795149968,14371,81.22880397919964
Sensor_002,2495.8661104020425,75.14231950218742,2721.2930689086047,2270.4391518954803,30,1.9144862795149968,14401,81.39837214560254
Sensor_108,-0.0017591576260370136,0.07973860538210013,0.23745665852026338,-0.2409749737723374,30,1.9144862795149968,14431,81.56794031200543
Sensor_457,12.325063305679642,4.502316003641206,25.83201131660326,-1.1818847052439772,30,1.9144862795149968,14461,81.73750847840832
Sensor_361,0.0029448627951499684,0.0040116097388657925,0.014979692011747345,-0.00908996642144741,30,1.9144862795149968,14491,81.90707664481121
Sensor_099,-0.01807319719208679,0.3755277823066402,1.1085101497278336,-1.1446565441120073,30,1.9144862795149968,14521,82.07664481121411
Sensor_445,0.8950476707083598,0.14201759689501192,1.3211004613933954,0.468994880023324,30,1.9144862795149968,14551,82.246212977617
Sensor_063,116.50121640076578,6.337725820403431,135.5143938619761,97.4880389395555,30,1.9144862795149968,14581,82.41578114401989
Sensor_586,3.067628430121251,1.09063731284476,6.3395403686555305,-0.20428350841302878,29,1.8506700701978303,14610,82.57969703820936
Sensor_495,0.9564419910657307,1.3155381307573166,4.903056383337681,-2.990172401206219,29,1.8506700701978303,14639,82.74361293239882
Sensor_121,6.310863050414805,0.10760780957039211,6.6336864791259815,5.988039621703629,29,1.8506700701978303,14668,82.90752882658829
Sensor_218,0.07148321633694958,0.032542027843446286,0.16910929986728845,-0.026142867193389277,29,1.8506700701978303,14697,83.07144472077775
Sensor_563,262.99838289725585,5.8674118909812245,280.6006185701995,245.3961472243122,28,1.7868538608806637,14725,83.22970834275378
Sensor_062,10.423194830887045,0.24774558888798315,11.166431597550995,9.679958064223095,28,1.7868538608806637,14753,83.38797196472983
Sensor_202,7.834537332482451,3.447449344673605,18.176885366503267,-2.5078107015383644,28,1.7868538608806637,14781,83.54623558670585
Sensor_092,0.0024305041480536054,0.07901008124779219,0.23946074789143015,-0.23459973959532296,28,1.7868538608806637,14809,83.7044992086819
Sensor_278,2.2096040842373963,0.6542112193509235,4.172237742290167,0.24697042618462572,28,1.7868538608806637,14837,83.86276283065793
Sensor_022,-5618.2721761327375,451.6637342282366,-4263.280973448028,-6973.263378817447,28,1.7868538608806637,14865,84.02102645263396
Sensor_033,85.33733978940651,1.2206267605952736,88.99922007119234,81.67545950762069,27,1.723037651563497,14892,84.17363780239656
Sensor_319,3.1885855137204855,0.9549350447904498,6.053390648091835,0.3237803793491363,27,1.723037651563497,14919,84.32624915215918
Sensor_481,75.51858927887683,30.47753508736176,166.9511945409621,-15.914015983208444,27,1.723037651563497,14946,84.47886050192177
Sensor_547,1.018304275686024,0.32068223916016775,1.9803509931665273,0.05625755820552092,27,1.723037651563497,14973,84.63147185168438
Sensor_302,0.9100824505424379,0.2697500294376059,1.7193325388552556,0.10083236222962011,26,1.6592214422463305,14999,84.77843092923355
Sensor_321,0.04310283982131462,0.015623556425097143,0.08997350909660605,-0.003767829453976815,25,1.595405232929164,15024,84.9197377345693
Sensor_109,-0.010790172303765156,0.08195531371430126,0.2350757688391386,-0.25665611344666894,25,1.595405232929164,15049,85.06104453990504
Sensor_020,12.481152456924061,0.09197394998324326,12.757074306873792,12.20523060697433,24,1.5315890236119976,15073,85.19669907302736
Sensor_011,0.00014607530312699425,0.00834759925002038,0.025188873053188135,-0.024896722446934146,24,1.5315890236119976,15097,85.33235360614967
Sensor_426,6.79242239948947,4.117407418729564,19.144644655678164,-5.559799856699223,24,1.5315890236119976,15121,85.46800813927199
Sensor_585,0.0038463943841735805,0.0010989850819271218,0.007143349629954946,0.0005494391383922149,24,1.5315890236119976,15145,85.6036626723943
Sensor_054,4.592978940650926,0.035156426908689115,4.698448221376993,4.487509659924858,24,1.5315890236119976,15169,85.73931720551661
Sensor_034,8.960156987874921,0.5732949965127759,10.680041977413248,7.240271998336594,24,1.5315890236119976,15193,85.87497173863893
Sensor_279,0.0011173580089342693,0.00026765577022363525,0.001920325319605175,0.0003143906982633635,24,1.5315890236119976,15217,86.01062627176125
Sensor_226,1038.656079514997,401.1036629439418,2241.967068346822,-164.65490931682848,23,1.467772814294831,15240,86.14062853267014
Sensor_338,2.3262619336311423,0.9695488347236942,5.2349084378022255,-0.5823845705399404,23,1.467772814294831,15263,86.27063079357902
Sensor_119,0.5984206764518188,0.006490199541679119,0.6178912750768562,0.5789500778267815,23,1.467772814294831,15286,86.40063305448791
Sensor_185,0.14480765794511805,0.055587031149515874,0.3115687513936657,-0.02195343550342957,23,1.467772814294831,15309,86.5306353153968
Sensor_309,0.21841490108487555,0.03129087298352401,0.3122875200354476,0.12454228213430352,23,1.467772814294831,15332,86.66063757630567
Sensor_167,2.7886407147415446,0.8809203554251244,5.431401781016918,0.14587964846617174,23,1.467772814294831,15355,86.79063983721456
Sensor_490,271.3628278876835,210.85076900084238,903.9151348902108,-361.18947911484366,23,1.467772814294831,15378,86.92064209812345
Sensor_392,0.01094441608168475,0.003542362979266868,0.021571505019485356,0.0003173271438841451,22,1.4039566049776642,15400,87.04499208681891
Sensor_352,0.027549266113592857,0.013585058829923101,0.06830444260336216,-0.013205910376176449,22,1.4039566049776642,15422,87.16934207551435
Sensor_364,332.5551558710913,128.3451686095487,717.5906616997374,-52.48034995755478,22,1.4039566049776642,15444,87.29369206420982
Sensor_214,0.06027957881301851,0.02966614358305481,0.14927800956218293,-0.02871885193614592,22,1.4039566049776642,15466,87.41804205290526
Sensor_206,9.045105296745373,3.9641755658813627,20.937631994389463,-2.8474214008987158,21,1.3401403956604978,15487,87.5367397693873
Sensor_183,10.780153158902362,3.334573109426375,20.783872487181487,0.7764338306232368,21,1.3401403956604978,15508,87.65543748586931
Sensor_417,3.4033701340140396,0.8317165860529153,5.898519892172786,0.9082203758552936,21,1.3401403956604978,15529,87.77413520235135
Sensor_240,0.004574664964901084,0.0011979407262483813,0.008168487143646229,0.0009808427861559407,21,1.3401403956604978,15550,87.89283291883338
Sensor_564,0.6746509891512443,0.09810484090106247,0.9689655118544318,0.3803364664480569,21,1.3401403956604978,15571,88.0115306353154
Sensor_498,11.791267038927888,4.5834746904522525,25.541691110284646,-1.9591570324288696,21,1.3401403956604978,15592,88.13022835179743
Sensor_057,0.9288548181238034,0.005027603416573829,0.9439376283735249,0.913772007874082,21,1.3401403956604978,15613,88.24892606827945
Sensor_522,11.610079706445436,20.598392819941488,73.4052581662699,-50.18509875337902,21,1.3401403956604978,15634,88.36762378476148
Sensor_176,0.7780373324824504,0.10150562031828846,1.0825541934373157,0.4735204715275851,20,1.2763241863433312,15654,88.48066922903007
Sensor_143,6.638155711550735,1.9911596605164714,12.61163469310015,0.6646767300013208,20,1.2763241863433312,15674,88.59371467329866
Sensor_526,5.553869751116784,1.9121361059029194,11.290278068825542,-0.18253856659197432,20,1.2763241863433312,15694,88.70676011756726
Sensor_447,1.1749960433950222,0.1535258892421402,1.6355737111214428,0.7144183756686016,20,1.2763241863433312,15714,88.81980556183586
Sensor_116,747.3837915762605,47.45007410351169,889.7340138867955,605.0335692657254,19,1.2125079770261646,15733,88.92719873389102
Sensor_001,3014.4415507338863,71.0243664121446,3227.51464997032,2801.3684514974525,19,1.2125079770261646,15752,89.03459190594619
Sensor_152,14.041556158264196,8.565012103384872,39.736592468418806,-11.653480151890417,19,1.2125079770261646,15771,89.14198507800135
Sensor_458,5.263365571155073,1.9334305906542397,11.063657343117793,-0.5369262008076463,19,1.2125079770261646,15790,89.24937825005652
Sensor_287,4.25829486279515,2.572119218907095,11.974652519516436,-3.4580627939261346,19,1.2125079770261646,15809,89.35677142211169
Sensor_438,4.016484428844926,1.26710607954494,7.8178026674797465,0.21516619021010586,19,1.2125079770261646,15828,89.46416459416685
Sensor_174,0.5761928525845564,0.08830030660398723,0.8410937723965182,0.31129193277259476,19,1.2125079770261646,15847,89.57155776622201
Sensor_132,0.9978080089342692,0.0014013149552095426,1.002011953799898,0.9936040640686407,19,1.2125079770261646,15866,89.6789509382772
Sensor_425,3.314227249521378,1.9207464357852595,9.076466556877156,-2.4480120578344002,19,1.2125079770261646,15885,89.78634411033235
Sensor_021,1.4050542437779197,0.01489803266215592,1.4497483417643875,1.3603601457914518,19,1.2125079770261646,15904,89.89373728238752
Sensor_548,403.4760472239949,4.124475784172529,415.8494745765125,391.1026198714773,19,1.2125079770261646,15923,90.00113045444269
Sensor_250,0.0010652201659221443,0.0018898942963506428,0.006734903054974073,-0.004604462723129784,19,1.2125079770261646,15942,90.10852362649786
Sensor_388,0.00033924696873005746,0.0006018858183201545,0.002144904423690521,-0.001466410486230406,18,1.148691767708998,15960,90.21026452633959
Sensor_521,2.6959992980216976,1.6858326426818113,7.7534972260671315,-2.3614986300237364,18,1.148691767708998,15978,90.31200542618133
Sensor_216,0.08109738353541798,0.02396657020189669,0.15299709414110807,0.00919767292972791,18,1.148691767708998,15996,90.41374632602306
Sensor_254,0.033179195915762606,0.011325043250636305,0.06715432566767152,-0.0007959338361463106,18,1.148691767708998,16014,90.5154872258648
Sensor_249,0.025171218889597953,0.015335860438575039,0.07117880020532308,-0.020836362426127165,18,1.148691767708998,16032,90.61722812570653
Sensor_478,6.254032291001914,2.894853457333587,14.938592663002673,-2.4305280809988465,18,1.148691767708998,16050,90.71896902554826
Sensor_491,51.35226052967453,17.699291572692772,104.45013524775285,-1.7456141884037848,18,1.148691767708998,16068,90.82070992539
Sensor_157,0.058088576898532224,0.030413405885709628,0.14932879455566112,-0.03315164075859667,18,1.148691767708998,16086,90.92245082523175
Sensor_087,2.4018715379706443,0.03601883553888934,2.5099280445873124,2.2938150313539762,17,1.0848755583918315,16103,91.01853945286005
Sensor_199,0.5568481174218252,0.32288015271324155,1.5254885755615497,-0.4117923407178995,17,1.0848755583918315,16120,91.11462808048836
Sensor_439,54.69389151244417,23.337828399137706,124.70737670985729,-15.31959368496895,17,1.0848755583918315,16137,91.21071670811666
Sensor_046,136.74284084237397,6.68742476427271,156.8051151351921,116.68056654955583,17,1.0848755583918315,16154,91.30680533574497
Sensor_010,-0.0008416081684747925,0.013805727652328289,0.04057557478851007,-0.042258791125459653,17,1.0848755583918315,16171,91.40289396337327
Sensor_115,0.00012252712188895982,0.00021738539713594745,0.0007746833132968022,-0.0005296290695188825,17,1.0848755583918315,16188,91.49898259100159
Sensor_335,0.16821467772814294,0.09752339157450433,0.4607848524516559,-0.12435549699537005,17,1.0848755583918315,16205,91.59507121862988
Sensor_440,70.63729731971922,27.995988050596452,154.62526147150857,-13.350666832070132,16,1.0210593490746651,16221,91.68550757404476
Sensor_342,2.730735162731334,1.131105019791129,6.124050222104721,-0.6625798966420531,16,1.0210593490746651,16237,91.77594392945964
Sensor_549,75.41508104658584,2.55766260880592,83.0880688730036,67.74209322016807,16,1.0210593490746651,16253,91.86638028487451
Sensor_217,0.08350063816209316,0.02370185819225927,0.15460621273887099,0.01239506358531535,16,1.0210593490746651,16269,91.95681664028939
Sensor_340,9.329513848117422,2.0759377575790516,15.557327120854577,3.101700575380267,16,1.0210593490746651,16285,92.04725299570427
Sensor_100,0.001534205488194002,0.05125647627328968,0.15530363430806304,-0.15223522333167505,16,1.0210593490746651,16301,92.13768935111915
Sensor_471,5.3627486279515,3.1435306332255473,14.793340527628143,-4.067843271725142,16,1.0210593490746651,16317,92.22812570653403
Sensor_203,10.162831397574985,4.973773584051159,25.08415214972846,-4.758489354578492,16,1.0210593490746651,16333,92.31856206194891
Sensor_456,3.636689534141672,0.7329337744445351,5.835490857475277,1.4378882108080666,15,0.9572431397574984,16348,92.40334614515035
Sensor_387,0.008280791320995533,0.005092252927909568,0.02355755010472424,-0.006995967462733172,15,0.9572431397574984,16363,92.48813022835179
Sensor_197,8.679961710274409,4.8827137849514965,23.3281030651289,-5.968179644580081,15,0.9572431397574984,16378,92.57291431155325
Sensor_378,0.0015706445437141032,0.0003874441817704229,0.002732977089025372,0.00040831199840283454,15,0.9572431397574984,16393,92.65769839475469
Sensor_427,1.2336689215060623,0.5294782524025616,2.8221036787137472,-0.35476583570162257,15,0.9572431397574984,16408,92.74248247795613
Sensor_154,0.011924888321633697,0.005017300254522069,0.026976789085199904,-0.00312701244193251,15,0.9572431397574984,16423,92.82726656115759
Sensor_105,-1.461391193363114e-05,0.0007058798221062834,0.002103025554385219,-0.002132253378252481,15,0.9572431397574984,16438,92.91205064435903
Sensor_186,7.365338225909381,2.6926861136019857,15.443396566715338,-0.7127201148965749,15,0.9572431397574984,16453,92.99683472756048
Sensor_015,9.005297064454373,2.278326336240863,15.840276073176963,2.1703180557317836,15,0.9572431397574984,16468,93.08161881076192
Sensor_289,0.003923037651563497,0.0016352023948624584,0.00882864483615087,-0.0009825695330238785,14,0.8934269304403318,16482,93.16075062174994
Sensor_091,8827.468460689215,373.22990923027453,9947.158188380039,7707.778732998391,14,0.8934269304403318,16496,93.23988243273796
Sensor_292,0.019926228462029356,0.010330391837178338,0.05091740397356437,-0.011064947049505659,14,0.8934269304403318,16510,93.31901424372597
Sensor_557,4.1920486279514995,0.7309612284086484,6.384932313177445,1.999164942725554,14,0.8934269304403318,16524,93.39814605471399
Sensor_554,7.658083407785578,1.3567503826888763,11.728334555852207,3.587832259718949,14,0.8934269304403318,16538,93.477277865702
Sensor_088,0.982420293554563,0.009121921505756189,1.0097860580718314,0.9550545290372944,14,0.8934269304403318,16552,93.55640967669004
Sensor_019,190.04662003828972,2.4081766913036793,197.27115011220076,182.82208996437868,14,0.8934269304403318,16566,93.63554148767804
Sensor_453,5.346767485641353,0.7768909132903997,7.677440225512552,3.0160947457701535,14,0.8934269304403318,16580,93.71467329866606
Sensor_169,0.12438991703892788,0.043809384708748865,0.25581807116517447,-0.0070382370873187106,14,0.8934269304403318,16594,93.79380510965409
Sensor_523,14.728865922144223,5.944487298805287,32.562327818560085,-3.104595974271639,14,0.8934269304403318,16608,93.8729369206421
Sensor_058,0.9492152520740269,0.0038722906080450687,0.9608321238981621,0.9375983802498917,14,0.8934269304403318,16622,93.9520687316301
Sensor_454,5.460822016592215,1.9374904893888756,11.273293484758842,-0.35164945157441174,14,0.8934269304403318,16636,94.03120054261814
Sensor_473,137.89004400127632,42.575027286396214,265.61512586046496,10.164962142087688,14,0.8934269304403318,16650,94.11033235360615
Sensor_562,32.28332619655392,17.122027084861823,83.64940745113938,-19.082755058031545,14,0.8934269304403318,16664,94.18946416459417
Sensor_184,26.661514550095724,5.383151499506354,42.81096904861479,10.512060051576661,14,0.8934269304403318,16678,94.26859597558219
Sensor_430,4.171843650287173,2.2344730215664432,10.875262714986503,-2.5315754144121563,14,0.8934269304403318,16692,94.3477277865702
Sensor_182,0.5467555839183152,0.19254175611169985,1.1243808522534149,-0.030869684416784282,14,0.8934269304403318,16706,94.42685959755822
Sensor_355,0.04195590299936184,0.012173695461174064,0.07847698938288403,0.005434816615839645,14,0.8934269304403318,16720,94.50599140854624
Sensor_476,4.262625526483727,0.948779075296867,7.108962752374328,1.4162883005931257,13,0.8296107211231653,16733,94.57947094732081
Sensor_239,0.004791129546904914,0.0015617782125485723,0.00947646418455063,0.00010579490925919678,13,0.8296107211231653,16746,94.6529504860954
Sensor_283,0.005769240587109125,0.0026470068748131854,0.013710261211548681,-0.0021717800373304303,13,0.8296107211231653,16759,94.72643002487
Sensor_339,3.035450319081046,1.465752402561525,7.432707526765621,-1.361806888603529,13,0.8296107211231653,16772,94.79990956364458
Sensor_345,23.217136885768983,8.315713397733758,48.16427707897026,-1.7300033074322876,13,0.8296107211231653,16785,94.87338910241917
Sensor_320,7.916337779195916,1.683285893499271,12.96619545969373,2.866480098698103,13,0.8296107211231653,16798,94.94686864119376
Sensor_168,1.2357370772176133,0.43929965671222704,2.5536360473542947,-0.08216189291906795,13,0.8296107211231653,16811,95.02034817996835
Sensor_148,0.01740906190172304,0.008112381457025624,0.041746206272799916,-0.006928082469353832,13,0.8296107211231653,16824,95.09382771874293
Sensor_181,19.01305041480536,2.8089703178355667,27.439961368312062,10.586139461298659,13,0.8296107211231653,16837,95.16730725751752
Sensor_322,2.2636086470963623,0.7939458166897638,4.645446097165654,-0.11822880297292926,13,0.8296107211231653,16850,95.24078679629211
Sensor_555,0.49954964901084875,0.19082695895944862,1.0720305258891947,-0.07293122786749706,13,0.8296107211231653,16863,95.3142663350667
Sensor_031,0.18416215698787494,0.029439134353233153,0.2724795600475744,0.09584475392817549,13,0.8296107211231653,16876,95.38774587384128
Sensor_013,199.95627166560305,2.4111924041919157,207.1898488781788,192.72269445302732,13,0.8296107211231653,16889,95.46122541261587
Sensor_551,16.90159540523293,2.962691231216543,25.78966909888256,8.013521711583298,13,0.8296107211231653,16902,95.53470495139045
Sensor_332,0.08323586470963625,0.027629117868173878,0.16612321831415788,0.00034851110511460726,13,0.8296107211231653,16915,95.60818449016504
Sensor_089,1807.8150211231653,50.50175555691422,1959.320287793908,1656.3097544524226,13,0.8296107211231653,16928,95.68166402893964
Sensor_090,0.18874869176770898,0.021279539505267068,0.25258731028351017,0.12491007325190777,13,0.8296107211231653,16941,95.75514356771421
Sensor_204,30.07323407785578,6.639746995099771,49.9924750631551,10.153993092556465,13,0.8296107211231653,16954,95.8286231064888
Sensor_389,35.1550911295469,13.889101122705002,76.82239449766192,-6.512212238568104,13,0.8296107211231653,16967,95.9021026452634
Sensor_421,1.8210365028717292,0.8719627184043912,4.436924658084903,-0.7948516523414446,13,0.8296107211231653,16980,95.97558218403799
Sensor_067,706.6676999361838,9.87776554984919,736.3009965857314,677.0344032866362,13,0.8296107211231653,16993,96.04906172281257
Sensor_069,147.43818921506065,3.5741831630481062,158.16073870420496,136.71563972591633,12,0.7657945118059988,17005,96.11688898937373
Sensor_334,6.214963050414805,1.1836043291396066,9.765776037833625,2.664150062995985,12,0.7657945118059988,17017,96.18471625593489
Sensor_222,0.06071754945756223,0.022624668260826247,0.12859155424004096,-0.007156455324916509,12,0.7657945118059988,17029,96.25254352249605
Sensor_304,0.04034186343331206,0.013346614222439606,0.08038170610063088,0.0003020207659932411,12,0.7657945118059988,17041,96.3203707890572
Sensor_494,2.5300463943841733,0.9464985100042571,5.369541924396945,-0.309449135628598,12,0.7657945118059988,17053,96.38819805561836
Sensor_170,0.4004684109763881,0.175654194179506,0.9274309935149061,-0.12649417156212994,12,0.7657945118059988,17065,96.45602532217951
Sensor_357,1.2986009572431398,0.38853909087615374,2.464218229871601,0.13298368461467858,12,0.7657945118059988,17077,96.52385258874068
Sensor_560,0.3256859604339502,0.18135716420749437,0.8697574530564334,-0.2183855321885329,12,0.7657945118059988,17089,96.59167985530182
Sensor_333,2.591113465220166,1.4235714269539779,6.861827746082099,-1.6796008156417677,12,0.7657945118059988,17101,96.65950712186299
Sensor_377,0.001600829610721123,0.00048487133501807025,0.003055443615775334,0.00014621560566691213,11,0.7019783024888321,17112,96.72168211621072
Sensor_118,58.62590791320995,1.2402829859695845,62.3467568711187,54.9050589553012,11,0.7019783024888321,17123,96.78385711055844
Sensor_552,1.2173197192086789,0.4519295218427036,2.5731082847367897,-0.1384688463194319,11,0.7019783024888321,17134,96.84603210490617
Sensor_337,9.733425430759413,2.1094427914096534,16.06175380498837,3.405097056530453,11,0.7019783024888321,17145,96.9082070992539
Sensor_251,109.65096668793873,43.51116206081357,240.18445287037943,-20.882519494501963,11,0.7019783024888321,17156,96.97038209360163
Sensor_114,0.9454241863433311,0.011138057842631086,0.9788383598712244,0.9120100128154379,11,0.7019783024888321,17167,97.03255708794936
Sensor_290,2.5785393107849393,0.6743233313406339,4.601509304806841,0.5555693167630373,11,0.7019783024888321,17178,97.09473208229709
Sensor_061,355.1538866624122,5.285994323070932,371.011869631625,339.2959036931994,11,0.7019783024888321,17189,97.15690707664481
Sensor_030,2.3662122527121885,0.37469266007264296,3.4902902329301173,1.2421342724942597,11,0.7019783024888321,17200,97.21908207099254
Sensor_055,4.8385341416719845,0.04366163057163301,4.9695190333868835,4.7075492499570855,11,0.7019783024888321,17211,97.28125706534027
Sensor_354,0.0403576260370134,0.012079212068512632,0.0765952622425513,0.004119989831475504,11,0.7019783024888321,17222,97.343432059688
Sensor_360,0.019839948947032546,0.006779480630055343,0.040178390837198576,-0.0004984929431334842,11,0.7019783024888321,17233,97.40560705403573
Sensor_051,632.2536330567964,7.585213886850902,655.0092747173491,609.4979913962437,11,0.7019783024888321,17244,97.46778204838346
Sensor_256,0.4038481174218251,0.09087015298497325,0.6764585763767448,0.13123765846690533,10,0.6381620931716656,17254,97.52430477051774
Sensor_311,0.30475060625398853,0.03845309910056792,0.4201099035556923,0.1893913089522848,10,0.6381620931716656,17264,97.58082749265205
Sensor_017,9.9074958838545,0.5047822239884787,11.421842555819936,8.393149211889064,10,0.6381620931716656,17274,97.63735021478635
Sensor_047,733.6726693044035,10.324689263425816,764.6467370946809,702.698601514126,10,0.6381620931716656,17284,97.69387293692064
Sensor_042,3.3487920229738353,1.0416505892050036,6.473743790588847,0.22384025535882435,10,0.6381620931716656,17294,97.75039565905494
Sensor_496,6.807825717932355,2.116593695370597,13.157606804044146,0.4580446318205631,10,0.6381620931716656,17304,97.80691838118923
Sensor_394,0.13398953414167197,0.02834965988243074,0.2190385137889642,0.04894055449437976,10,0.6381620931716656,17314,97.86344110332354
Sensor_209,73.26425398851309,26.50652156191408,152.78381867425531,-6.255310697229149,10,0.6381620931716656,17324,97.91996382545783
Sensor_219,3.771375590299936,1.1675045062181284,7.273889108954322,0.26886207164555076,10,0.6381620931716656,17334,97.97648654759213
Sensor_318,0.17262322910019143,0.06347257320906136,0.36304094872737547,-0.01779449052699264,10,0.6381620931716656,17344,98.03300926972643
Sensor_009,1.4628600510529675,0.06395518011285926,1.6547255913915453,1.2709945107143896,9,0.574345883854499,17353,98.0838797196473
Sensor_480,3.2830155711550733,0.9183006802351386,6.037917611860489,0.5281135304496578,9,0.574345883854499,17362,98.13475016956816
Sensor_303,0.40331352903637524,0.13825331965616877,0.8180734880048816,-0.011446429932131075,9,0.574345883854499,17371,98.18562061948903
Sensor_344,6.197769623484365,1.712236250373631,11.334478374605258,1.0610608723634716,9,0.574345883854499,17380,98.23649106940991
Sensor_224,122.84657102744097,37.836212727462126,236.35520920982736,9.337932845054596,9,0.574345883854499,17389,98.28736151933077
Sensor_558,1.6075944479897895,0.5815031634104145,3.352103938221033,-0.136915042241454,9,0.574345883854499,17398,98.33823196925164
Sensor_208,20.373663050414805,5.786227502875828,37.73234555904229,3.0149805417873203,9,0.574345883854499,17407,98.3891024191725
Sensor_078,-0.007085194639438417,0.028119140784217823,0.07727222771321506,-0.0914426169920919,9,0.574345883854499,17416,98.43997286909337
Sensor_198,20.089942565411615,4.25080726972999,32.84236437460159,7.337520756221643,9,0.574345883854499,17425,98.49084331901425
Sensor_305,0.13208302488832163,0.05780481508654657,0.30549747014796136,-0.041331420371318095,8,0.5105296745373326,17433,98.53606149672169
Sensor_012,0.9643546266751756,0.00836531842431818,0.9894505819481301,0.9392586714022211,8,0.5105296745373326,17441,98.58127967442913
Sensor_201,17.598560944479896,4.7572529731981925,31.870319864074474,3.3268020248853176,8,0.5105296745373326,17449,98.62649785213657
Sensor_071,619.1014223994895,8.108387623071838,643.426585268705,594.7762595302739,8,0.5105296745373326,17457,98.67171602984399
Sensor_470,5.6615656030631785,1.1907566483700627,9.233835548173367,2.0892956579529907,8,0.5105296745373326,17465,98.71693420755143
Sensor_044,355.53774339502235,5.462988154760287,371.9267078593032,339.1487789307415,8,0.5105296745373326,17473,98.76215238525887
Sensor_008,0.12182482450542437,0.0022898494606124827,0.12869437288726182,0.11495527612358691,8,0.5105296745373326,17481,98.80737056296631
Sensor_032,3.672880280791321,0.3710851946957963,4.78613586487871,2.5596246967039322,8,0.5105296745373326,17489,98.85258874067375
Sensor_528,6.395717038927887,1.4257870596813493,10.673078217971934,2.118355859883839,7,0.4467134652201659,17496,98.89215464616777
Sensor_441,11.527330376515634,5.424610178165448,27.801160911011976,-4.7465001579807105,7,0.4467134652201659,17503,98.93172055166177
Sensor_049,139.97225357370772,4.146381948407201,152.4113994189293,127.53310772848612,7,0.4467134652201659,17510,98.97128645715577
Sensor_362,39.93640625398851,11.891228442614786,75.61009158183286,4.262720926144155,7,0.4467134652201659,17517,99.01085236264979
Sensor_018,0.9714461391193363,0.006291722145231559,0.990321305555031,0.9525709726836417,7,0.4467134652201659,17524,99.05041826814379
Sensor_325,13.331643522654756,6.325635625843501,32.30855040018526,-5.6452633548757465,7,0.4467134652201659,17531,99.0899841736378
Sensor_016,413.08437568602426,9.143159889224027,440.51385535369633,385.6548960183522,7,0.4467134652201659,17538,99.12955007913182
Sensor_085,0.1331070835992342,0.004971105857630683,0.14802040117212625,0.11819376602634216,6,0.3828972559029994,17544,99.1634637124124
Sensor_155,7.697616209317166,2.24104598606922,14.420754167524827,0.9744782511095069,6,0.3828972559029994,17550,99.19737734569297
Sensor_428,4.0582767389917045,1.2023233913480613,7.6652469130358885,0.4513065649475205,6,0.3828972559029994,17556,99.23129097897355
Sensor_189,43.20950255264837,20.873769847739645,105.8308120958673,-19.411806990570568,6,0.3828972559029994,17562,99.26520461225412
Sensor_341,14.61749980855137,25.85973541253408,92.19670604615361,-62.961706429050864,5,0.3190810465858328,17567,99.29346597332128
Sensor_255,0.01394320357370772,0.008899724192277386,0.04064237615053988,-0.012755969003124439,5,0.3190810465858328,17572,99.32172733438843
Sensor_288,0.36709167198468406,0.41385959280997814,1.6086704504146185,-0.8744871064452503,5,0.3190810465858328,17577,99.34998869545556
Sensor_312,0.0973445437141034,0.026868665253661588,0.17795053947508815,0.016738547953118632,5,0.3190810465858328,17582,99.37825005652272
Sensor_525,5.687781620931717,2.6631430984665276,13.677210916331301,-2.3016476744678664,5,0.3190810465858328,17587,99.40651141758987
Sensor_393,0.004532801531589024,0.002885960979321214,0.013190684469552665,-0.004125081406374617,5,0.3190810465858328,17592,99.43477277865702
Sensor_188,17.936244352265476,4.249154121717708,30.6837067174186,5.188781987112353,5,0.3190810465858328,17597,99.46303413972417
Sensor_205,32.09541212507976,56.69637662699384,202.1845420060613,-137.99371775590174,5,0.3190810465858328,17602,99.49129550079132
Sensor_068,16.655186470963628,27.92213396601542,100.42158836900988,-67.11121542708263,5,0.3190810465858328,17607,99.51955686185848
Sensor_460,2.8383750159540524,0.676450085142614,4.867725271381895,0.8090247605262104,5,0.3190810465858328,17612,99.54781822292563
Sensor_056,2856.166560306318,21.893653252176122,2921.8475200628463,2790.4856005497895,5,0.3190810465858328,17617,99.57607958399277
Sensor_084,7.452076419910657,0.5091309792306369,8.979469357602568,5.924683482218747,5,0.3190810465858328,17622,99.60434094505992
Sensor_527,1.4434574984045947,0.9285976717118195,4.2292505135400535,-1.342335516730864,5,0.3190810465858328,17627,99.63260230612705
Sensor_153,1.1953393746011485,1.3377686181534927,5.208645229061627,-2.81796647985933,5,0.3190810465858328,17632,99.6608636671942
Sensor_141,25.847023611997443,45.48210029392317,162.29332449376693,-110.59927726977206,4,0.2552648372686663,17636,99.68347275604793
Sensor_005,4.171280536056158,5.358964769979078,20.248174845993393,-11.905613773881075,4,0.2552648372686663,17640,99.70608184490165
Sensor_276,8.616245692405872,15.161610984302966,54.10107864531477,-36.86858726050302,4,0.2552648372686663,17644,99.72869093375537
Sensor_324,5.393461518825781,1.289752712788602,9.262719657191587,1.524203380459975,4,0.2552648372686663,17648,99.75130002260909
Sensor_273,41.29243442884493,17.472331367807037,93.70942853226603,-11.124559674576183,4,0.2552648372686663,17652,99.77390911146281
Sensor_422,4.1742281429483095,1.3475313736945556,8.216822264031975,0.13163402186464257,3,0.1914486279514997,17655,99.7908659281031
Sensor_583,0.5000962348436503,0.0032404010760577156,0.5098174380718234,0.49037503161547713,3,0.1914486279514997,17658,99.80782274474339
Sensor_138,122.67064454371412,51.51247022272946,277.2080552119025,-31.866766124474267,3,0.1914486279514997,17661,99.82477956138368
Sensor_120,0.9707770899808551,0.007470358595328027,0.9931881657668392,0.948366014194871,3,0.1914486279514997,17664,99.84173637802397
Sensor_253,4.645114869176771,3.8995820426075385,16.34386099699939,-7.053631258645845,2,0.12763241863433314,17666,99.85304092245082
Sensor_411,4.92846589023612,2.0904820860846174,11.199912148489972,-1.3429803680177326,2,0.12763241863433314,17668,99.86434546687768
Sensor_391,1.4318675175494575,1.2129171648415353,5.070619012074063,-2.2068839769751487,2,0.12763241863433314,17670,99.87565001130454
Sensor_306,0.2649164007657945,0.053859779625553654,0.42649573964245546,0.10333706188913352,2,0.12763241863433314,17672,99.88695455573139
Sensor_284,2.803797957881302,0.8724788388902477,5.421234474552046,0.18636144121055898,2,0.12763241863433314,17674,99.89825910015826
Sensor_171,0.684331397574984,0.14654883698812535,1.12397790853936,0.24468488661060794,2,0.12763241863433314,17676,99.90956364458512
Sensor_149,8.47060082961072,2.902862977002437,17.17918976061803,-0.23798810139659032,2,0.12763241863433314,17678,99.92086818901198
Sensor_348,0.008879834077855775,0.015754440549622748,0.05614315572672402,-0.038383487571012474,1,0.06381620931716657,17679,99.92652046122541
Sensor_343,0.00028538608806636886,0.0005063268208291442,0.0018043665505538013,-0.0012335943744210638,1,0.06381620931716657,17680,99.93217273343885
Sensor_210,0.029451180599872367,0.05225175040533319,0.18620643181587193,-0.1273040706161272,1,0.06381620931716657,17681,99.93782500565227
Sensor_272,46.05514275686024,17.557893014682573,98.72882180090795,-6.618536287187474,1,0.06381620931716657,17682,99.9434772778657
Sensor_310,0.12892163369495852,0.02657542141065007,0.20864789792690874,0.0491953694630083,1,0.06381620931716657,17683,99.94912955007914
Sensor_308,0.12892131461391193,0.026572873925527388,0.2086399363904941,0.04920269283732977,1,0.06381620931716657,17684,99.95478182229256
Sensor_173,0.32011490108487556,0.06942106419209625,0.5283780936611643,0.11185170850858683,1,0.06381620931716657,17685,99.96043409450598
Sensor_175,0.3201151563497128,0.06942587610843909,0.52839278467503,0.11183752802439556,1,0.06381620931716657,17686,99.96608636671942
Sensor_075,0.002677409061901723,0.004750210592103476,0.01692804083821215,-0.011573222714408707,1,0.06381620931716657,17687,99.97173863893285
Sensor_207,0.0012763241863433313,0.002264431220166119,0.00806961784684169,-0.005516969474155027,1,0.06381620931716657,17688,99.97739091114627
Sensor_479,0.1276324186343331,0.2264431220166119,0.8069617846841688,-0.5516969474155027,1,0.06381620931716657,17689,99.98304318335971
Sensor_048,1.1780047543075942,0.173677572167423,1.6990374708098632,0.6569720378053252,1,0.06381620931716657,17690,99.98869545557314
Sensor_444,0.6339471601786855,0.13946620562847026,1.0523457770640963,0.21554854329327466,1,0.06381620931716657,17691,99.99434772778658
Sensor_446,0.6470924696873005,0.1377482948832912,1.0603373543371741,0.23384758503742686,1,0.06381620931716657,17692,100.0
